file_name,question,target_answer,response,iteration,current_table,key_value,current_chain
csv/203-csv/216.csv,how many hospital's have at least 600 beds?,17,,,,,
csv/204-csv/957.csv,for which team did this player have the least amount of games played?,BUF,"assistant: The answer is: It is not possible to determine the team for which the player had the least amount of games played based on the information provided. The table only shows a single entry with ""nan"" (which typically stands for ""not a number"" or missing data) in the Team column and ""127"" in the Games column. Without additional data or context, we cannot ascertain the team associated with the player or compare it to any other team.",0,"col : Year | Team | Games | Combined Tackles | Tackles | Assisted Tackles | Sacks | Forced Fumbles | Fumble Recoveries | Fumble Return Yards | Interceptions | Interception Return Yards | Yards per Interception Return | Longest Interception REturn | Interceptions Returned for Touchdown | Passes Defended
row 1 : 2002 | BUF | 16 | 96 | 71 | 25 | 3.0 | 0 | 0 | 0 | 0 | 0 | 0 | 0 | 0 | 1
row 2 : 2003 | BUF | 16 | 28 | 24 | 4 | 1.0 | 0 | 0 | 0 | 0 | 0 | 0 | 0 | 0 | 2
row 3 : 2004 | BUF | 12 | 25 | 14 | 11 | 1.0 | 0 | 1 | 0 | 0 | 0 | 0 | 0 | 0 | 0
row 4 : 2005 | BUF | 13 | 9 | 6 | 3 | 0.0 | 1 | 0 | 0 | 0 | 0 | 0 | 0 | 0 | 0
row 5 : 2006 | BUF | 16 | 23 | 13 | 10 | 0.0 | 0 | 0 | 0 | 0 | 0 | 0 | 0 | 0 | 0
row 6 : 2007 | BUF | 7 | 4 | 3 | 1 | 0.0 | 0 | 0 | 0 | 0 | 0 | 0 | 0 | 0 | 0
row 7 : 2008 | ATL | 16 | 34 | 28 | 6 | 0.0 | 0 | 0 | 0 | 0 | 0 | 0 | 0 | 0 | 1
row 8 : 2009 | ATL | 16 | 17 | 15 | 2 | 0.0 | 1 | 2 | 0 | 0 | 0 | 0 | 0 | 0 | 1
row 9 : 2010 | ATL | 15 | 12 | 8 | 4 | 0.0 | 0 | 1 | 0 | 0 | 0 | 0 | 0 | 0 | 0
row 10 : Career | nan | 127 | 248 | 182 | 66 | 5.0 | 2 | 4 | 0 | 0 | 0 | 0 | 0 | 0 | 5
","['f_select_column', ['Team', 'Games']]","f_select_column(['Team', 'Games']) -> "
csv/204-csv/957.csv,for which team did this player have the least amount of games played?,BUF,"assistant: The answer is: It is not possible to determine the team for which the player had the least amount of games played based on the information provided. The table only shows a single entry with ""nan"" (which typically stands for ""not a number"" or missing data) in the Team column and ""127"" in the Games column. Without additional data or context, we cannot ascertain the team associated with the player or compare it to any other team.",1,"col : Team | Games
row 1 : BUF | 16
row 2 : BUF | 16
row 3 : BUF | 12
row 4 : BUF | 13
row 5 : BUF | 16
row 6 : BUF | 7
row 7 : ATL | 16
row 8 : ATL | 16
row 9 : ATL | 15
row 10 : nan | 127
","['f_sort_by', ['Games']]","f_select_column(['Team', 'Games']) -> f_sort_by(['Games']) -> "
csv/204-csv/957.csv,for which team did this player have the least amount of games played?,BUF,"assistant: The answer is: It is not possible to determine the team for which the player had the least amount of games played based on the information provided. The table only shows a single entry with ""nan"" (which typically stands for ""not a number"" or missing data) in the Team column and ""127"" in the Games column. Without additional data or context, we cannot ascertain the team associated with the player or compare it to any other team.",2,"col : Team | Games
row 1 : nan | 127
row 2 : BUF | 16
row 3 : BUF | 16
row 4 : BUF | 16
row 5 : ATL | 16
row 6 : ATL | 16
row 7 : ATL | 15
row 8 : BUF | 13
row 9 : BUF | 12
row 10 : BUF | 7
","['f_select_row', ['row 10']]","f_select_column(['Team', 'Games']) -> f_sort_by(['Games']) -> f_select_row(['row 10']) -> "
csv/203-csv/731.csv,which city had the least amount of surface area?,Osio Sotto,,,,,
csv/204-csv/164.csv,how many stations have at least 5 kw or more listed in the power column?,6,,,,,
csv/203-csv/244.csv,which rider scored the least amount of points?,Luis Maurel,"assistant: Based on the provided table:

```
col : Pos | Rider | Manufacturer | Time/Retired | Points
row 1 : 15 | Luis Maurel | Honda | +1:03.353 | 1.0
```

The question asks which rider scored the least amount of points. According to the table, there is only one rider listed, Luis Maurel, with 1.0 points. Since there are no other riders to compare with in the given data, we can infer that Luis Maurel has the least amount of points as he is the only one mentioned.

The answer is: Luis Maurel.",0,"col : Pos | Rider | Manufacturer | Time/Retired | Points
row 1 : 1 | Loris Capirossi | Honda | 43:06.089 | 25.0
row 2 : 2 | Doriano Romboni | Honda | +0.689 | 20.0
row 3 : 3 | Max Biaggi | Aprilia | +1.181 | 16.0
row 4 : 4 | Ralf Waldmann | Honda | +5.123 | 13.0
row 5 : 5 | Jean-Michel Bayle | Aprilia | +5.528 | 11.0
row 6 : 6 | Nobuatsu Aoki | Honda | +5.821 | 10.0
row 7 : 7 | Jean Philippe Ruggia | Aprilia | +9.018 | 9.0
row 8 : 8 | Tetsuya Harada | Yamaha | +24.059 | 8.0
row 9 : 9 | Tadayuki Okada | Honda | +29.043 | 7.0
row 10 : 10 | Wilco Zeelenberg | Honda | +36.273 | 6.0
row 11 : 11 | Toshihiko Honma | Yamaha | +41.787 | 5.0
row 12 : 12 | Adrien Bosshard | Honda | +52.489 | 4.0
row 13 : 13 | Carlos Checa | Honda | +57.206 | 3.0
row 14 : 14 | Eskil Suter | Aprilia | +1:01.503 | 2.0
row 15 : 15 | Luis Maurel | Honda | +1:03.353 | 1.0
row 16 : 16 | Patrick vd Goorbergh | Aprilia | +1:04.277 | nan
row 17 : 17 | Adolf Stadler | Honda | +1:16.427 | nan
row 18 : 18 | Juan Borja | Honda | +1:19.607 | nan
row 19 : 19 | Chrisrian Boudinot | Aprilia | +1:20.163 | nan
row 20 : 20 | Bernd Kassner | Aprilia | +1:20.761 | nan
row 21 : 21 | Andreas Preining | Aprilia | +1:26.864 | nan
row 22 : 22 | Noel Ferro | Honda | +1:27.009 | nan
row 23 : 23 | Sebastien Scarnato | Honda | +1:36.321 | nan
row 24 : 24 | Krisse Kaas | Yamaha | +1 Lap | nan
row 25 : 25 | Donnie Hough | Honda | +1 Lap | nan
row 26 : Ret | Rodney Fee | Honda | Retirement | nan
row 27 : Ret | Jurgen vd Goorbergh | Aprilia | Retirement | nan
row 28 : Ret | Luis D'Antin | Honda | Retirement | nan
row 29 : Ret | Manuel Hernandez | Aprilia | Retirement | nan
row 30 : Ret | Frederic Protat | Honda | Retirement | nan
row 31 : Ret | Giuseppe Fiorillo | Honda | Retirement | nan
row 32 : Ret | José Luis Cardoso | Aprilia | Retirement | nan
row 33 : Ret | Enrique de Juan | Aprilia | Retirement | nan
row 34 : Ret | Alessandro Gramigni | Aprilia | Retirement | nan
","['f_sort_by', ['Points']]",f_sort_by(['Points']) -> 
csv/203-csv/244.csv,which rider scored the least amount of points?,Luis Maurel,"assistant: Based on the provided table:

```
col : Pos | Rider | Manufacturer | Time/Retired | Points
row 1 : 15 | Luis Maurel | Honda | +1:03.353 | 1.0
```

The question asks which rider scored the least amount of points. According to the table, there is only one rider listed, Luis Maurel, with 1.0 points. Since there are no other riders to compare with in the given data, we can infer that Luis Maurel has the least amount of points as he is the only one mentioned.

The answer is: Luis Maurel.",1,"col : Pos | Rider | Manufacturer | Time/Retired | Points
row 1 : 1 | Loris Capirossi | Honda | 43:06.089 | 25.0
row 2 : 2 | Doriano Romboni | Honda | +0.689 | 20.0
row 3 : 3 | Max Biaggi | Aprilia | +1.181 | 16.0
row 4 : 4 | Ralf Waldmann | Honda | +5.123 | 13.0
row 5 : 5 | Jean-Michel Bayle | Aprilia | +5.528 | 11.0
row 6 : 6 | Nobuatsu Aoki | Honda | +5.821 | 10.0
row 7 : 7 | Jean Philippe Ruggia | Aprilia | +9.018 | 9.0
row 8 : 8 | Tetsuya Harada | Yamaha | +24.059 | 8.0
row 9 : 9 | Tadayuki Okada | Honda | +29.043 | 7.0
row 10 : 10 | Wilco Zeelenberg | Honda | +36.273 | 6.0
row 11 : 11 | Toshihiko Honma | Yamaha | +41.787 | 5.0
row 12 : 12 | Adrien Bosshard | Honda | +52.489 | 4.0
row 13 : 13 | Carlos Checa | Honda | +57.206 | 3.0
row 14 : 14 | Eskil Suter | Aprilia | +1:01.503 | 2.0
row 15 : 15 | Luis Maurel | Honda | +1:03.353 | 1.0
row 16 : 16 | Patrick vd Goorbergh | Aprilia | +1:04.277 | nan
row 17 : 17 | Adolf Stadler | Honda | +1:16.427 | nan
row 18 : 18 | Juan Borja | Honda | +1:19.607 | nan
row 19 : 19 | Chrisrian Boudinot | Aprilia | +1:20.163 | nan
row 20 : 20 | Bernd Kassner | Aprilia | +1:20.761 | nan
row 21 : 21 | Andreas Preining | Aprilia | +1:26.864 | nan
row 22 : 22 | Noel Ferro | Honda | +1:27.009 | nan
row 23 : 23 | Sebastien Scarnato | Honda | +1:36.321 | nan
row 24 : 24 | Krisse Kaas | Yamaha | +1 Lap | nan
row 25 : 25 | Donnie Hough | Honda | +1 Lap | nan
row 26 : Ret | Rodney Fee | Honda | Retirement | nan
row 27 : Ret | Jurgen vd Goorbergh | Aprilia | Retirement | nan
row 28 : Ret | Luis D'Antin | Honda | Retirement | nan
row 29 : Ret | Manuel Hernandez | Aprilia | Retirement | nan
row 30 : Ret | Frederic Protat | Honda | Retirement | nan
row 31 : Ret | Giuseppe Fiorillo | Honda | Retirement | nan
row 32 : Ret | José Luis Cardoso | Aprilia | Retirement | nan
row 33 : Ret | Enrique de Juan | Aprilia | Retirement | nan
row 34 : Ret | Alessandro Gramigni | Aprilia | Retirement | nan
","['f_select_row', ['row 15']]",f_sort_by(['Points']) -> f_select_row(['row 15']) -> 
csv/204-csv/221.csv,which two teams had a score of at least 6,Occitania|Iraqi Kurdistan,,,,,
csv/203-csv/531.csv,which pga tour event gave out the least prize money to its 1st place finisher?,B.C. Open,"assistant: To determine which PGA Tour event gave out the least prize money to its 1st place finisher, we need to look at the lowest value in the ""1st prize ($)"" column. From the provided table, we can see that the lowest value is:

row 42 : 378,000

Therefore, the PGA Tour event that gave out the least prize money to its 1st place finisher is the one associated with the prize amount of $378,000. However, the table does not provide the names of the events, so we can only identify the event by the prize amount given.",0,"col : Date | Tournament | Location | Winner | Score | 1st prize ($)
row 1 : Jan 6 | Mercedes Championships | Hawaii | Sergio García (3) | 274 (–18) | 720,000
row 2 : Jan 14 | Sony Open in Hawaii | Hawaii | Jerry Kelly (1) | 266 (–14) | 720,000
row 3 : Jan 20 | Bob Hope Chrysler Classic | California | Phil Mickelson (20) | 330 (–30) | 720,000
row 4 : Jan 27 | Phoenix Open | Arizona | Chris DiMarco (3) | 267 (–17) | 720,000
row 5 : Feb 3 | AT&T Pebble Beach National Pro-Am | California | Matt Gogel (1) | 274 (–14) | 720,000
row 6 : Feb 10 | Buick Invitational | California | José María Olazábal (6) | 275 (–13) | 648,000
row 7 : Feb 17 | Nissan Open | California | Len Mattiace (1) | 269 (–15) | 666,000
row 8 : Feb 24 | Touchstone Energy Tucson Open | Arizona | Ian Leggatt (1) | 268 (–20) | 540,000
row 9 : Feb 24 | WGC-Accenture Match Play Championship | California | Kevin Sutherland (1) | 1 up | 1,000,000
row 10 : Mar 3 | Genuity Championship | Florida | Ernie Els (9) | 271 (–17) | 846,000
row 11 : Mar 10 | Honda Classic | Florida | Matt Kuchar (1) | 269 (–19) | 630,000
row 12 : Mar 17 | Bay Hill Invitational | Florida | Tiger Woods (30) | 275 (–13) | 720,000
row 13 : Mar 24 | The Players Championship | Florida | Craig Perks (1) | 280 (–8) | 1,080,000
row 14 : Mar 31 | Shell Houston Open | Texas | Vijay Singh (10) | 266 (–22) | 720,000
row 15 : Apr 7 | BellSouth Classic | Georgia | Retief Goosen (2) | 272 (–16) | 684,000
row 16 : Apr 14 | Masters Tournament | Georgia | Tiger Woods (31) | 276 (–12) | 1,008,000
row 17 : Apr 21 | WorldCom Classic - The Heritage of Golf | South Carolina | Justin Leonard (7) | 270 (–14) | 720,000
row 18 : Apr 28 | Greater Greensboro Chrysler Classic | North Carolina | Rocco Mediate (5) | 272 (–16) | 684,000
row 19 : May 5 | Compaq Classic of New Orleans | Louisiana | K.J. Choi (1) | 271 (–17) | 810,000
row 20 : May 12 | Verizon Byron Nelson Classic | Texas | Shigeki Maruyama (2) | 266 (–14) | 864,000
row 21 : May 19 | MasterCard Colonial | Texas | Nick Price (18) | 267 (–13) | 774,000
row 22 : May 26 | The Memorial Tournament | Ohio | Jim Furyk (7) | 274 (–14) | 810,000
row 23 : Jun 2 | Kemper Insurance Open | Maryland | Bob Estes (4) | 273 (–11) | 648,000
row 24 : Jun 9 | Buick Classic | New York | Chris Smith (1) | 272 (–12) | 630,000
row 25 : Jun 16 | U.S. Open | New York | Tiger Woods (32) | 277 (–3) | 1,000,000
row 26 : Jun 23 | Canon Greater Hartford Open | Connecticut | Phil Mickelson (21) | 266 (–14) | 720,000
row 27 : Jun 30 | FedEx St. Jude Classic | Tennessee | Len Mattiace (2) | 266 (–18) | 684,000
row 28 : Jul 7 | Advil Western Open | Illinois | Jerry Kelly (2) | 269 (–19) | 720,000
row 29 : Jul 14 | Greater Milwaukee Open | Wisconsin | Jeff Sluman (6) | 261 (–23) | 558,000
row 30 : Jul 21 | The Open Championship (British Open) | Scotland | Ernie Els (10) | 278 (–6) | 1,106,140
row 31 : Jul 21 | B.C. Open | New York | Spike McRoy (1) | 269 (–19) | 378,000
row 32 : Jul 28 | John Deere Classic | Illinois | J. P. Hayes (2) | 262 (–22) | 540,000
row 33 : Aug 4 | The International | Colorado | Rich Beem (2) | 44 (Stableford) | 810,000
row 34 : Aug 11 | Buick Open | Michigan | Tiger Woods (33) | 271 (–17) | 594,000
row 35 : Aug 18 | PGA Championship | Minnesota | Rich Beem (3) | 278 (–10) | 990,000
row 36 : Aug 25 | Reno-Tahoe Open | Nevada | Chris Riley (1) | 271 (–17) | 540,000
row 37 : Aug 25 | WGC-NEC Invitational | Washington | Craig Parry (1) | 268 (–16) | 1,000,000
row 38 : Sep 1 | Air Canada Championship | Canada | Gene Sauers (3) | 269 (–15) | 630,000
row 39 : Sep 8 | Bell Canadian Open | Canada | John Rollins (1) | 272 (–16) | 720,000
row 40 : Sep 15 | SEI Pennsylvania Classic | Pennsylvania | Dan Forsman (5) | 270 (–14) | 594,000
row 41 : Sep 22 | Tampa Bay Classic | Florida | K.J. Choi (2) | 267 (–17) | 468,000
row 42 : Sep 22 | WGC-American Express Championship | Ireland | Tiger Woods (34) | 263 (–25) | 1,000,000
row 43 : Sep 29 | Valero Texas Open | Texas | Loren Roberts (8) | 261 (–19) | 630,000
row 44 : Oct 6 | Michelob Championship at Kingsmill | Virginia | Charles Howell III (1) | 270 (–14) | 666,000
row 45 : Oct 13 | Invensys Classic at Las Vegas | Nevada | Phil Tataurangi (1) | 330 (–29) | 900,000
row 46 : Oct 20 | Disney Golf Classic | Florida | Bob Burns (1) | 263 (–25) | 666,000
row 47 : Oct 27 | Buick Challenge | Georgia | Jonathan Byrd (1) | 261 (–27) | 666,000
row 48 : Nov 3 | The Tour Championship | Georgia | Vijay Singh (11) | 268 (–12) | 900,000
row 49 : Nov 4 | Southern Farm Bureau Classic | Mississippi | Luke Donald (1) | 201 (–15) | 468,000
","['f_select_column', ['1st prize ($)']]",f_select_column(['1st prize ($)']) -> 
csv/203-csv/531.csv,which pga tour event gave out the least prize money to its 1st place finisher?,B.C. Open,"assistant: To determine which PGA Tour event gave out the least prize money to its 1st place finisher, we need to look at the lowest value in the ""1st prize ($)"" column. From the provided table, we can see that the lowest value is:

row 42 : 378,000

Therefore, the PGA Tour event that gave out the least prize money to its 1st place finisher is the one associated with the prize amount of $378,000. However, the table does not provide the names of the events, so we can only identify the event by the prize amount given.",1,"col : 1st prize ($)
row 1 : 720,000
row 2 : 720,000
row 3 : 720,000
row 4 : 720,000
row 5 : 720,000
row 6 : 648,000
row 7 : 666,000
row 8 : 540,000
row 9 : 1,000,000
row 10 : 846,000
row 11 : 630,000
row 12 : 720,000
row 13 : 1,080,000
row 14 : 720,000
row 15 : 684,000
row 16 : 1,008,000
row 17 : 720,000
row 18 : 684,000
row 19 : 810,000
row 20 : 864,000
row 21 : 774,000
row 22 : 810,000
row 23 : 648,000
row 24 : 630,000
row 25 : 1,000,000
row 26 : 720,000
row 27 : 684,000
row 28 : 720,000
row 29 : 558,000
row 30 : 1,106,140
row 31 : 378,000
row 32 : 540,000
row 33 : 810,000
row 34 : 594,000
row 35 : 990,000
row 36 : 540,000
row 37 : 1,000,000
row 38 : 630,000
row 39 : 720,000
row 40 : 594,000
row 41 : 468,000
row 42 : 1,000,000
row 43 : 630,000
row 44 : 666,000
row 45 : 900,000
row 46 : 666,000
row 47 : 666,000
row 48 : 900,000
row 49 : 468,000
","['f_sort_by', ['1st prize ($)']]",f_select_column(['1st prize ($)']) -> f_sort_by(['1st prize ($)']) -> 
csv/203-csv/519.csv,which driver earned the least amount of points.,Nelson Philippe,"assistant: Based on the information provided in the table:

col : Driver | Points
row 1 : Nelson Philippe | 4

The question is: which driver earned the least amount of points.

Since there is only one driver listed in the table, Nelson Philippe, with 4 points, it is implied that he is the driver with the least amount of points among the drivers listed. Therefore, the answer is:

The answer is: Nelson Philippe.",0,"col : Pos | No | Driver | Team | Laps | Time/Retired | Grid | Points
row 1 : 1 | 1 | Sébastien Bourdais | Newman/Haas Racing | 76 | 1:39:50.252 | 1 | 34
row 2 : 2 | 9 | Justin Wilson | RuSPORT | 76 | +3.066 secs | 2 | 29
row 3 : 3 | 10 | A. J. Allmendinger | RuSPORT | 76 | +14.132 secs | 3 | 25
row 4 : 4 | 3 | Paul Tracy | Forsythe Racing | 76 | +47.222 secs | 5 | 23
row 5 : 5 | 15 | Alex Tagliani | Team Australia | 76 | +57.778 secs | 6 | 21
row 6 : 6 | 7 | Mario Domínguez | Forsythe Racing | 76 | +58.782 secs | 8 | 19
row 7 : 7 | 27 | Andrew Ranger | Mi-Jack Conquest Racing | 76 | +59.302 secs | 13 | 18
row 8 : 8 | 6 | Oriol Servià | PKV Racing | 76 | +1:13.956 | 7 | 15
row 9 : 9 | 19 | Cristiano da Matta | Dale Coyne Racing | 76 | +1:14.958 | 12 | 13
row 10 : 10 | 2 | Bruno Junqueira | Newman/Haas Racing | 75 | + 1 Lap | 4 | 11
row 11 : 11 | 5 | Will Power | Team Australia | 75 | + 1 Lap | 9 | 10
row 12 : 12 | 34 | Charles Zwolsman | Mi-Jack Conquest Racing | 75 | + 1 Lap | 10 | 9
row 13 : 13 | 14 | Dan Clarke | CTE Racing-HVM | 75 | + 1 Lap | 14 | 9
row 14 : 14 | 20 | Katherine Legge | PKV Racing | 75 | + 1 Lap | 17 | 7
row 15 : 15 | 8 | Nicky Pastorelli | Rocketsports Racing | 74 | + 2 Laps | 16 | 6
row 16 : 16 | 11 | Jan Heylen | Dale Coyne Racing | 71 | + 5 Laps | 11 | 5
row 17 : 17 | 4 | Nelson Philippe | CTE Racing-HVM | 0 | Contact | 15 | 4
","['f_sort_by', ['Points']]",f_sort_by(['Points']) -> 
csv/203-csv/519.csv,which driver earned the least amount of points.,Nelson Philippe,"assistant: Based on the information provided in the table:

col : Driver | Points
row 1 : Nelson Philippe | 4

The question is: which driver earned the least amount of points.

Since there is only one driver listed in the table, Nelson Philippe, with 4 points, it is implied that he is the driver with the least amount of points among the drivers listed. Therefore, the answer is:

The answer is: Nelson Philippe.",1,"col : Pos | No | Driver | Team | Laps | Time/Retired | Grid | Points
row 1 : 1 | 1 | Sébastien Bourdais | Newman/Haas Racing | 76 | 1:39:50.252 | 1 | 34
row 2 : 2 | 9 | Justin Wilson | RuSPORT | 76 | +3.066 secs | 2 | 29
row 3 : 3 | 10 | A. J. Allmendinger | RuSPORT | 76 | +14.132 secs | 3 | 25
row 4 : 4 | 3 | Paul Tracy | Forsythe Racing | 76 | +47.222 secs | 5 | 23
row 5 : 5 | 15 | Alex Tagliani | Team Australia | 76 | +57.778 secs | 6 | 21
row 6 : 6 | 7 | Mario Domínguez | Forsythe Racing | 76 | +58.782 secs | 8 | 19
row 7 : 7 | 27 | Andrew Ranger | Mi-Jack Conquest Racing | 76 | +59.302 secs | 13 | 18
row 8 : 8 | 6 | Oriol Servià | PKV Racing | 76 | +1:13.956 | 7 | 15
row 9 : 9 | 19 | Cristiano da Matta | Dale Coyne Racing | 76 | +1:14.958 | 12 | 13
row 10 : 10 | 2 | Bruno Junqueira | Newman/Haas Racing | 75 | + 1 Lap | 4 | 11
row 11 : 11 | 5 | Will Power | Team Australia | 75 | + 1 Lap | 9 | 10
row 12 : 12 | 34 | Charles Zwolsman | Mi-Jack Conquest Racing | 75 | + 1 Lap | 10 | 9
row 13 : 13 | 14 | Dan Clarke | CTE Racing-HVM | 75 | + 1 Lap | 14 | 9
row 14 : 14 | 20 | Katherine Legge | PKV Racing | 75 | + 1 Lap | 17 | 7
row 15 : 15 | 8 | Nicky Pastorelli | Rocketsports Racing | 74 | + 2 Laps | 16 | 6
row 16 : 16 | 11 | Jan Heylen | Dale Coyne Racing | 71 | + 5 Laps | 11 | 5
row 17 : 17 | 4 | Nelson Philippe | CTE Racing-HVM | 0 | Contact | 15 | 4
","['f_select_row', ['row 17']]",f_sort_by(['Points']) -> f_select_row(['row 17']) -> 
csv/203-csv/519.csv,which driver earned the least amount of points.,Nelson Philippe,"assistant: Based on the information provided in the table:

col : Driver | Points
row 1 : Nelson Philippe | 4

The question is: which driver earned the least amount of points.

Since there is only one driver listed in the table, Nelson Philippe, with 4 points, it is implied that he is the driver with the least amount of points among the drivers listed. Therefore, the answer is:

The answer is: Nelson Philippe.",2,"col : Pos | No | Driver | Team | Laps | Time/Retired | Grid | Points
row 1 : 17 | 4 | Nelson Philippe | CTE Racing-HVM | 0 | Contact | 15 | 4
","['f_select_column', ['Driver', 'Points']]","f_sort_by(['Points']) -> f_select_row(['row 17']) -> f_select_column(['Driver', 'Points']) -> "
csv/204-csv/775.csv,"true or false, south korea has the least amount of gold medals.",FALSE,,,,,
csv/203-csv/27.csv,the least number of kilometres traveled was what number?,"402,026","assistant: 402,026",0,"col : Number | Serial No | Entered Service | Withdrawn | Kilometres Travelled
row 1 : 4101 | 1000 | 1 Dec 1953 | 6 Jun 1973 | 463,514
row 2 : 4102 | 1002 | 30 Oct 1953 | 30 Jun 1975 | 492,650
row 3 : 4103 | 1003 | 18 Jan 1954 | 2 Apr 1974 | 462,871
row 4 : 4104 | 1004 | 13 Jan 1954 | 12 Oct 1973 | 440,810
row 5 : 4105 | 1005 | 8 Feb 1954 | ? | ?
row 6 : 4106 | 1006 | 21 Jan 1954 | 4 Aug 1972 | 406,288
row 7 : 4107 | 1007 | 25 Jan 1954 | 11 Aug 1973 | 446,167
row 8 : 4108 | 1008 | 22 Feb 1954 | 20 Dec 1967 | 402,026
row 9 : 4109 | 1009 | 11 Mar 1954 | 9 Feb 1972 | 426,074
row 10 : 4110 | 1010 | 10 Feb 1955 | 20 May 1974 | 476,489
","['f_select_column', ['Kilometres Travelled']]",f_select_column(['Kilometres Travelled']) -> 
csv/203-csv/27.csv,the least number of kilometres traveled was what number?,"402,026","assistant: 402,026",1,"col : Kilometres Travelled
row 1 : 463,514
row 2 : 492,650
row 3 : 462,871
row 4 : 440,810
row 5 : ?
row 6 : 406,288
row 7 : 446,167
row 8 : 402,026
row 9 : 426,074
row 10 : 476,489
","['f_sort_by', ['Kilometres Travelled']]",f_select_column(['Kilometres Travelled']) -> f_sort_by(['Kilometres Travelled']) -> 
csv/203-csv/573.csv,which surname on the list belongs to the smallest number of people?,Wilson,"assistant: The last table provided contains only a single number and no list of surnames or any other data that could be used to determine which surname belongs to the smallest number of people. To answer the question, additional information is required, such as a list of surnames and the number of people associated with each surname. Without this information, it is not possible to determine which surname belongs to the smallest number of people.",0,"col : Name | Rank - 2000 | Number | Country of Origin | England - 2001
row 1 : Smith | 1 | 2,376,207 | England, Scotland | Smith
row 2 : Johnson | 2 | 1,857,160 | England | Jones
row 3 : Williams | 3 | 1,534,042 | England, Wales | Taylor
row 4 : Brown | 4 | 1,380,145 | England, Ireland, Scotland | Brown
row 5 : Jones | 5 | 1,362,755 | England, Wales | Williams
row 6 : Miller | 6 | 1,127,803 | England, Ireland, or Scotland (Miller can be the anglicized version of Mueller/Müller - a surname from Germany) | Wilson
row 7 : Davis | 7 | 1,072,335 | England, Wales | Johnson
row 8 : García | 8 | 858,289 | Spain | Davies
row 9 : Rodríguez | 9 | 804,240 | Spain | Robinson
row 10 : Wilson | 10 | 783,051 | England, Scotland | Wright
","['f_select_column', ['Number']]",f_select_column(['Number']) -> 
csv/203-csv/573.csv,which surname on the list belongs to the smallest number of people?,Wilson,"assistant: The last table provided contains only a single number and no list of surnames or any other data that could be used to determine which surname belongs to the smallest number of people. To answer the question, additional information is required, such as a list of surnames and the number of people associated with each surname. Without this information, it is not possible to determine which surname belongs to the smallest number of people.",1,"col : Number
row 1 : 2,376,207
row 2 : 1,857,160
row 3 : 1,534,042
row 4 : 1,380,145
row 5 : 1,362,755
row 6 : 1,127,803
row 7 : 1,072,335
row 8 : 858,289
row 9 : 804,240
row 10 : 783,051
","['f_sort_by', ['Number']]",f_select_column(['Number']) -> f_sort_by(['Number']) -> 
csv/203-csv/573.csv,which surname on the list belongs to the smallest number of people?,Wilson,"assistant: The last table provided contains only a single number and no list of surnames or any other data that could be used to determine which surname belongs to the smallest number of people. To answer the question, additional information is required, such as a list of surnames and the number of people associated with each surname. Without this information, it is not possible to determine which surname belongs to the smallest number of people.",2,"col : Number
row 1 : 858,289
row 2 : 804,240
row 3 : 783,051
row 4 : 2,376,207
row 5 : 1,857,160
row 6 : 1,534,042
row 7 : 1,380,145
row 8 : 1,362,755
row 9 : 1,127,803
row 10 : 1,072,335
","['f_select_row', ['row 3']]",f_select_column(['Number']) -> f_sort_by(['Number']) -> f_select_row(['row 3']) -> 
csv/203-csv/88.csv,which language had the smallest number of females speaking it.,Romanian,,,,,
csv/204-csv/232.csv,which other nation had the lowest in bronze,Uruguay|Peru,"assistant: The answer is: Paraguay.

Based on the table provided, Paraguay had 1 bronze medal, which is the lowest count of bronze medals listed in the table. Bolivia had more with 2 bronze medals.",0,"col : Rank | Nation | Gold | Silver | Bronze | Total
row 1 : 1 | Brazil | 13 | 18 | 12 | 43
row 2 : 2 | Argentina | 7 | 4 | 7 | 18
row 3 : 3 | Chile | 7 | 2 | 3 | 12
row 4 : 4 | Colombia | 5 | 5 | 4 | 14
row 5 : 5 | Venezuela | 4 | 6 | 6 | 16
row 6 : 6 | Uruguay | 1 | 1 | 0 | 2
row 7 : 7 | Peru | 0 | 1 | 0 | 1
row 8 : 8 | Panama | 0 | 0 | 2 | 2
row 9 : 8 | Bolivia | 0 | 0 | 2 | 2
row 10 : 10 | Paraguay | 0 | 0 | 1 | 1
","['f_sort_by', ['Bronze']]",f_sort_by(['Bronze']) -> 
csv/204-csv/232.csv,which other nation had the lowest in bronze,Uruguay|Peru,"assistant: The answer is: Paraguay.

Based on the table provided, Paraguay had 1 bronze medal, which is the lowest count of bronze medals listed in the table. Bolivia had more with 2 bronze medals.",1,"col : Rank | Nation | Gold | Silver | Bronze | Total
row 1 : 1 | Brazil | 13 | 18 | 12 | 43
row 2 : 2 | Argentina | 7 | 4 | 7 | 18
row 3 : 5 | Venezuela | 4 | 6 | 6 | 16
row 4 : 4 | Colombia | 5 | 5 | 4 | 14
row 5 : 3 | Chile | 7 | 2 | 3 | 12
row 6 : 8 | Panama | 0 | 0 | 2 | 2
row 7 : 8 | Bolivia | 0 | 0 | 2 | 2
row 8 : 10 | Paraguay | 0 | 0 | 1 | 1
row 9 : 6 | Uruguay | 1 | 1 | 0 | 2
row 10 : 7 | Peru | 0 | 1 | 0 | 1
","['f_select_row', ['row 9', 'row 10']]","f_sort_by(['Bronze']) -> f_select_row(['row 9', 'row 10']) -> "
csv/204-csv/232.csv,which other nation had the lowest in bronze,Uruguay|Peru,"assistant: The answer is: Paraguay.

Based on the table provided, Paraguay had 1 bronze medal, which is the lowest count of bronze medals listed in the table. Bolivia had more with 2 bronze medals.",2,"col : Rank | Nation | Gold | Silver | Bronze | Total
row 1 : 8 | Bolivia | 0 | 0 | 2 | 2
row 2 : 10 | Paraguay | 0 | 0 | 1 | 1
","['f_select_column', ['Nation', 'Bronze']]","f_sort_by(['Bronze']) -> f_select_row(['row 9', 'row 10']) -> f_select_column(['Nation', 'Bronze']) -> "
csv/204-csv/487.csv,how many teams won by at least three points?,4,,,,,
csv/204-csv/878.csv,which model released in august 1012 had the least kpixels?,S01,,,,,
csv/204-csv/671.csv,how many movies have at least 20 episodes?,9,,,,,
csv/203-csv/716.csv,how many countries have at least 2 bronze medals?,8,,,,,
csv/204-csv/660.csv,which count had the least number of votes for obama?,Modoc,"assistant: To find the count with the least number of votes for Obama, we need to identify the smallest number in the ""Votes"" column. From the provided table, we can see that the smallest number is:

row 58 : 1,113

Therefore, the count with the least number of votes for Obama is 1,113.",0,"col : County | Obama | Votes | Romney | Votes.1 | Others | Votes.2 | Total
row 1 : Alameda | 78.7% | 469,684 | 18.1% | 108,182 | 3.2% | 19,027 | 596,893
row 2 : Alpine | 59.5% | 389 | 36.1% | 236 | 4.4% | 29 | 654
row 3 : Amador | 38.6% | 6,830 | 58.1% | 10,281 | 3.3% | 582 | 17,693
row 4 : Butte | 46.9% | 42,669 | 48.9% | 44,479 | 4.2% | 3,873 | 91,021
row 5 : Calaveras | 39.7% | 8,670 | 56.5% | 12,365 | 3.8% | 827 | 21,862
row 6 : Colusa | 38.3% | 2,314 | 59.6% | 3,601 | 2.1% | 130 | 6,045
row 7 : Contra Costa | 66.2% | 290,824 | 31.1% | 136,517 | 2.7% | 11,804 | 439,145
row 8 : Del Norte | 43.4% | 3,791 | 52.8% | 4,614 | 3.8% | 331 | 8,736
row 9 : El Dorado | 39.5% | 35,166 | 57.3% | 50,973 | 3.2% | 2,859 | 88,998
row 10 : Fresno | 49.7% | 129,129 | 47.9% | 124,490 | 1.8% | 6,078 | 259,697
row 11 : Glenn | 35.9% | 3,301 | 61.3% | 5,632 | 2.8% | 258 | 9,191
row 12 : Humboldt | 59.7% | 34,457 | 32.6% | 18,825 | 7.7% | 4,404 | 57,686
row 13 : Imperial | 65.2% | 25,136 | 33.2% | 12,776 | 1.6% | 620 | 38,532
row 14 : Inyo | 42.8% | 3,422 | 54.2% | 4,340 | 3.0% | 242 | 8,004
row 15 : Kern | 40.5% | 89,495 | 57.3% | 126,618 | 2.2% | 4,900 | 221,013
row 16 : Kings | 41.4% | 12,979 | 56.4% | 17,671 | 2.2% | 701 | 31,351
row 17 : Lake | 56.4% | 13,163 | 39.5% | 9,200 | 4.1% | 955 | 23,318
row 18 : Lassen | 28.5% | 3,053 | 68.0% | 7,296 | 3.5% | 376 | 10,725
row 19 : Los Angeles | 69.7% | 2,216,903 | 27.8% | 885,333 | 2.5% | 77,378 | 3,179,614
row 20 : Madera | 40.2% | 16,018 | 57.3% | 22,852 | 2.5% | 996 | 39,866
row 21 : Marin | 74.1% | 99,896 | 22.9% | 30,880 | 3.0% | 3,955 | 134,731
row 22 : Mariposa | 39.0% | 3,498 | 57.3% | 5,140 | 3.7% | 335 | 8,973
row 23 : Mendocino | 66.0% | 23,193 | 27.5% | 9,658 | 6.5% | 2,286 | 35,137
row 24 : Merced | 53.0% | 33,005 | 44.3% | 27,581 | 2.7% | 1,636 | 62,222
row 25 : Modoc | 27.7% | 1,113 | 69.1% | 2,779 | 3.2% | 130 | 4,022
row 26 : Mono | 52.9% | 2,733 | 44.2% | 2,285 | 2.9% | 150 | 5,168
row 27 : Monterey | 67.3% | 82,918 | 30.3% | 37,389 | 2.4% | 2,959 | 123,266
row 28 : Napa | 63.1% | 35,870 | 34.3% | 19,526 | 2.6% | 1,457 | 56,853
row 29 : Nevada | 47.7% | 24,663 | 48.4% | 24,986 | 3.9% | 2,026 | 51,675
row 30 : Orange | 45.6% | 512,440 | 51.9% | 582,332 | 2.5% | 27,892 | 1,122,664
row 31 : Placer | 38.9% | 66,818 | 58.2% | 99,921 | 2.9% | 4,972 | 171,711
row 32 : Plumas | 39.9% | 4,026 | 56.8% | 5,721 | 3.3% | 333 | 10,080
row 33 : Riverside | 49.8% | 329,063 | 48.2% | 318,127 | 2.0% | 13,425 | 660,615
row 34 : Sacramento | 58.1% | 300,503 | 39.1% | 202,514 | 2.8% | 14,565 | 517,582
row 35 : San Benito | 59.1% | 11,276 | 38.5% | 7,343 | 2.4% | 462 | 19,081
row 36 : San Bernardino | 52.6% | 305,109 | 45.2% | 262,358 | 2.2% | 13,136 | 580,603
row 37 : San Diego | 52.7% | 626,957 | 45.1% | 536,726 | 2.2% | 25,288 | 1,188,971
row 38 : San Francisco | 83.4% | 301,723 | 13.0% | 47,076 | 3.4% | 12,996 | 361,795
row 39 : San Joaquin | 55.6% | 114,121 | 41.9% | 86,071 | 2.5% | 5,172 | 205,364
row 40 : San Luis Obispo | 48.6% | 61,258 | 47.6% | 59,967 | 3.8% | 4,741 | 125,966
row 41 : San Mateo | 72.1% | 206,087 | 25.4% | 72,756 | 2.5% | 6,878 | 285,721
row 42 : Santa Barbara | 57.4% | 94,129 | 39.4% | 64,606 | 3.2% | 5,150 | 163,885
row 43 : Santa Clara | 70.2% | 450,818 | 27.2% | 174,843 | 2.6% | 16,290 | 641,951
row 44 : Santa Cruz | 75.4% | 90,805 | 20.0% | 24,047 | 4.6% | 5,533 | 120,385
row 45 : Shasta | 33.8% | 25,819 | 62.8% | 48,067 | 3.4% | 2,615 | 76,501
row 46 : Sierra | 36.3% | 652 | 58.7% | 1,056 | 5.0% | 90 | 1,798
row 47 : Siskiyou | 40.2% | 8,044 | 55.4% | 11,076 | 4.4% | 870 | 19,990
row 48 : Solano | 63.3% | 96,783 | 34.1% | 52,092 | 2.6% | 3,965 | 152,840
row 49 : Sonoma | 71.0% | 153,942 | 25.3% | 54,784 | 3.2% | 8,139 | 216,865
row 50 : Stanislaus | 49.9% | 77,724 | 47.1% | 73,459 | 3.0% | 4,633 | 155,816
row 51 : Sutter | 39.2% | 12,192 | 58.3% | 18,122 | 2.5% | 769 | 31,083
row 52 : Tehama | 34.4% | 7,934 | 61.8% | 14,235 | 3.8% | 874 | 23,043
row 53 : Trinity | 46.6% | 2,674 | 47.3% | 2,716 | 6.1% | 349 | 5,739
row 54 : Tulare | 41.2% | 41,752 | 56.2% | 56,956 | 2.6% | 2,571 | 101,279
row 55 : Tuolumne | 40.4% | 9,998 | 56.0% | 13,880 | 3.6% | 880 | 24,758
row 56 : Ventura | 52.2% | 170,929 | 45.1% | 147,958 | 2.7% | 8,825 | 327,712
row 57 : Yolo | 65.4% | 48,715 | 31.4% | 23,368 | 3.2% | 2,392 | 74,475
row 58 : Yuba | 39.3% | 7,711 | 57.4% | 11,275 | 3.3% | 660 | 19,646
","['f_select_column', ['Votes']]",f_select_column(['Votes']) -> 
csv/204-csv/660.csv,which count had the least number of votes for obama?,Modoc,"assistant: To find the count with the least number of votes for Obama, we need to identify the smallest number in the ""Votes"" column. From the provided table, we can see that the smallest number is:

row 58 : 1,113

Therefore, the count with the least number of votes for Obama is 1,113.",1,"col : Votes
row 1 : 469,684
row 2 : 389
row 3 : 6,830
row 4 : 42,669
row 5 : 8,670
row 6 : 2,314
row 7 : 290,824
row 8 : 3,791
row 9 : 35,166
row 10 : 129,129
row 11 : 3,301
row 12 : 34,457
row 13 : 25,136
row 14 : 3,422
row 15 : 89,495
row 16 : 12,979
row 17 : 13,163
row 18 : 3,053
row 19 : 2,216,903
row 20 : 16,018
row 21 : 99,896
row 22 : 3,498
row 23 : 23,193
row 24 : 33,005
row 25 : 1,113
row 26 : 2,733
row 27 : 82,918
row 28 : 35,870
row 29 : 24,663
row 30 : 512,440
row 31 : 66,818
row 32 : 4,026
row 33 : 329,063
row 34 : 300,503
row 35 : 11,276
row 36 : 305,109
row 37 : 626,957
row 38 : 301,723
row 39 : 114,121
row 40 : 61,258
row 41 : 206,087
row 42 : 94,129
row 43 : 450,818
row 44 : 90,805
row 45 : 25,819
row 46 : 652
row 47 : 8,044
row 48 : 96,783
row 49 : 153,942
row 50 : 77,724
row 51 : 12,192
row 52 : 7,934
row 53 : 2,674
row 54 : 41,752
row 55 : 9,998
row 56 : 170,929
row 57 : 48,715
row 58 : 7,711
","['f_sort_by', ['Votes']]",f_select_column(['Votes']) -> f_sort_by(['Votes']) -> 
csv/203-csv/396.csv,"how many years did international passengers number at least 100,000?",4,,,,,
csv/203-csv/865.csv,which athlete consecutively scored the lowest?,Earlene Brown,,,,,
